[
  {
    "id": "77bcc079-5bee-49cc-aac1-bf76b3f9855f",
    "data": [
      {
        "text": "who created you?",
        "userDefined": false
      }
    ],
    "isTemplate": false,
    "count": 0,
    "updated": 1523197300
  },
  {
    "id": "cbe534a1-fd1d-4dad-b414-dc36a7824d7f",
    "data": [
      {
        "text": "Where do you live",
        "userDefined": false
      }
    ],
    "isTemplate": false,
    "count": 0,
    "updated": 1520785239
  },
  {
    "id": "3d044aa0-6f22-4798-99b6-e493045db8e4",
    "data": [
      {
        "text": "tell me something about your self",
        "userDefined": false
      }
    ],
    "isTemplate": false,
    "count": 0,
    "updated": 1523197300
  },
  {
    "id": "7f2053c3-4504-40e7-b874-613e7309d761",
    "data": [
      {
        "text": "tell me about your self",
        "userDefined": false
      }
    ],
    "isTemplate": false,
    "count": 0,
    "updated": 1520067517
  },
  {
    "id": "6f7e34d8-4302-480f-90d1-3839c90228c8",
    "data": [
      {
        "text": "what are you?",
        "userDefined": false
      }
    ],
    "isTemplate": false,
    "count": 1,
    "updated": 1520067517
  },
  {
    "id": "0aa14b6b-671b-4244-b82c-bf1e05e178be",
    "data": [
      {
        "text": "How were you made",
        "userDefined": false
      }
    ],
    "isTemplate": false,
    "count": 0,
    "updated": 1520785239
  },
  {
    "id": "8c60c8de-c650-42c3-ac34-91c3ef5ddc5b",
    "data": [
      {
        "text": "about you",
        "userDefined": false
      }
    ],
    "isTemplate": false,
    "count": 0,
    "updated": 1520067517
  },
  {
    "id": "a4dfbe33-0016-4605-8964-9c1a9c451618",
    "data": [
      {
        "text": "Who made you",
        "userDefined": false
      }
    ],
    "isTemplate": false,
    "count": 0,
    "updated": 1520785239
  },
  {
    "id": "960d7f92-71e1-4d87-b759-713696c9ae03",
    "data": [
      {
        "text": "who are you?",
        "userDefined": false
      }
    ],
    "isTemplate": false,
    "count": 0,
    "updated": 1520067517
  },
  {
    "id": "da65b135-85ea-4f9c-ac0e-f2e31e2020e1",
    "data": [
      {
        "text": "who is your owner",
        "userDefined": false
      }
    ],
    "isTemplate": false,
    "count": 0,
    "updated": 1523197300
  }
]