[
  {
    "id": "50f7b2ba-149f-414c-8e22-ca865b9d88ec",
    "data": [
      {
        "text": "how can you help",
        "userDefined": false
      }
    ],
    "isTemplate": false,
    "count": 0,
    "updated": 1523985696
  },
  {
    "id": "6ae6892e-ac37-41a6-9aee-058e09f27bce",
    "data": [
      {
        "text": "what information do you provide",
        "userDefined": false
      }
    ],
    "isTemplate": false,
    "count": 0,
    "updated": 1523985696
  },
  {
    "id": "1060dbe5-b205-4736-aa01-456f1278c2f5",
    "data": [
      {
        "text": "what info do you have",
        "userDefined": false
      }
    ],
    "isTemplate": false,
    "count": 0,
    "updated": 1523985696
  },
  {
    "id": "32b08698-1da5-409a-a953-605ae9cc65c3",
    "data": [
      {
        "text": "what can you?",
        "userDefined": false
      }
    ],
    "isTemplate": false,
    "count": 0,
    "updated": 1523985696
  },
  {
    "id": "732a34ee-5ab3-4476-9e48-d2f7bb319ea8",
    "data": [
      {
        "text": "what can you do",
        "userDefined": false
      }
    ],
    "isTemplate": false,
    "count": 0,
    "updated": 1523985696
  }
]