[
  {
    "id": "1604cad3-22b1-4efd-bf3c-362e280af0d1",
    "data": [
      {
        "text": "what fests will be conducted in your collage?",
        "userDefined": false
      }
    ],
    "isTemplate": false,
    "count": 0,
    "updated": 1523248739
  },
  {
    "id": "aeee1bd2-8c1f-404b-b537-9a07678eedc4",
    "data": [
      {
        "text": "list of fests in collage?",
        "userDefined": false
      }
    ],
    "isTemplate": false,
    "count": 0,
    "updated": 1523248739
  },
  {
    "id": "7b1bd37e-d725-4fe8-8c0f-7a3c4da565b2",
    "data": [
      {
        "text": "collage fests",
        "userDefined": false
      }
    ],
    "isTemplate": false,
    "count": 0,
    "updated": 1523257448
  },
  {
    "id": "faa2d6db-571f-4387-9e3b-a96115e3baa2",
    "data": [
      {
        "text": "fests in collage",
        "userDefined": false
      }
    ],
    "isTemplate": false,
    "count": 0,
    "updated": 1523257448
  },
  {
    "id": "eb5e1281-18fa-447d-8d33-f8734c72d956",
    "data": [
      {
        "text": "fests in college",
        "userDefined": false
      }
    ],
    "isTemplate": false,
    "count": 0,
    "updated": 1523257568
  },
  {
    "id": "55d4045b-685b-48d8-adcf-aa04800dee97",
    "data": [
      {
        "text": "college fests",
        "userDefined": false
      }
    ],
    "isTemplate": false,
    "count": 0,
    "updated": 1523257568
  },
  {
    "id": "0d50eff9-4c1e-436f-ada7-5953a0a2af6d",
    "data": [
      {
        "text": "fests in collage?",
        "userDefined": false
      }
    ],
    "isTemplate": false,
    "count": 0,
    "updated": 1523248739
  }
]