[
  {
    "id": "b6e91258-88fc-4747-9548-e8f096309951",
    "data": [
      {
        "text": "head of ",
        "userDefined": false
      },
      {
        "text": "ece",
        "alias": "Dept",
        "meta": "@Department",
        "userDefined": true
      }
    ],
    "isTemplate": false,
    "count": 0,
    "updated": 1523201223
  },
  {
    "id": "39507f06-7d72-4c76-9776-830e39d8a861",
    "data": [
      {
        "text": "Head of the Department of ",
        "userDefined": false
      },
      {
        "text": "Computer Science and Engineering",
        "alias": "Dept",
        "meta": "@Department",
        "userDefined": true
      }
    ],
    "isTemplate": false,
    "count": 0,
    "updated": 1520794708
  },
  {
    "id": "13bd3a81-3019-4d44-a667-4010feb022a0",
    "data": [
      {
        "text": "head of the department of  ",
        "userDefined": false
      },
      {
        "text": "Electronics and Communication Engineering",
        "alias": "Dept",
        "meta": "@Department",
        "userDefined": true
      }
    ],
    "isTemplate": false,
    "count": 0,
    "updated": 1523201223
  },
  {
    "id": "14a16b0c-131a-4de6-98ff-22e91c24c224",
    "data": [
      {
        "text": "head of ",
        "userDefined": false
      },
      {
        "text": "cse",
        "alias": "Dept",
        "meta": "@Department",
        "userDefined": false
      }
    ],
    "isTemplate": false,
    "count": 0,
    "updated": 1520794708
  },
  {
    "id": "91454027-0a8d-4b37-865c-a4547739681a",
    "data": [
      {
        "text": "Computer Science and Engineering",
        "alias": "Dept",
        "meta": "@Department",
        "userDefined": true
      },
      {
        "text": " Hod",
        "userDefined": false
      }
    ],
    "isTemplate": false,
    "count": 0,
    "updated": 1520794708
  },
  {
    "id": "765c2fc7-e5d1-4025-97ed-f1d55b9b4de5",
    "data": [
      {
        "text": "Head of the Department of ",
        "userDefined": false
      },
      {
        "text": "cse",
        "alias": "Dept",
        "meta": "@Department",
        "userDefined": true
      }
    ],
    "isTemplate": false,
    "count": 0,
    "updated": 1520794708
  },
  {
    "id": "25c24c9d-9b4e-4ad0-90e2-94adbaa8bea8",
    "data": [
      {
        "text": "cse",
        "alias": "Dept",
        "meta": "@Department",
        "userDefined": true
      },
      {
        "text": " hod",
        "userDefined": false
      }
    ],
    "isTemplate": false,
    "count": 0,
    "updated": 1520794708
  },
  {
    "id": "a004b938-2659-4b85-a480-86973ae39a7c",
    "data": [
      {
        "text": "hod of ",
        "userDefined": false
      },
      {
        "text": "cse",
        "alias": "Dept",
        "meta": "@Department",
        "userDefined": true
      },
      {
        "text": " dept",
        "userDefined": false
      }
    ],
    "isTemplate": false,
    "count": 0,
    "updated": 1520794708
  }
]