[
  {
    "id": "7f81de9f-10d8-4de5-8a6c-cb21515001ff",
    "data": [
      {
        "text": "is ",
        "userDefined": false
      },
      {
        "text": "today",
        "alias": "date",
        "meta": "@sys.date",
        "userDefined": false
      },
      {
        "text": " holiday?",
        "userDefined": false
      }
    ],
    "isTemplate": false,
    "count": 0,
    "updated": 1520185667
  },
  {
    "id": "0e6758c1-c3ea-411d-bd87-49e2fb297bf5",
    "data": [
      {
        "text": "is ",
        "userDefined": false
      },
      {
        "text": "26th jan",
        "alias": "date",
        "meta": "@sys.date",
        "userDefined": false
      },
      {
        "text": " holiday?",
        "userDefined": false
      }
    ],
    "isTemplate": false,
    "count": 0,
    "updated": 1520185667
  },
  {
    "id": "326c37ec-f5e3-4936-a0a4-cd9c8667bc79",
    "data": [
      {
        "text": "Tomorrow",
        "alias": "date",
        "meta": "@sys.date",
        "userDefined": false
      },
      {
        "text": " is holiday",
        "userDefined": false
      }
    ],
    "isTemplate": false,
    "count": 1,
    "updated": 0
  },
  {
    "id": "6c107368-f65c-4ddd-8e05-87b20b7e7892",
    "data": [
      {
        "text": "is ",
        "userDefined": false
      },
      {
        "text": "tomorrow",
        "alias": "date",
        "meta": "@sys.date",
        "userDefined": false
      },
      {
        "text": " holiday?",
        "userDefined": false
      }
    ],
    "isTemplate": false,
    "count": 0,
    "updated": 1520185667
  },
  {
    "id": "601ee018-ffc7-4bfc-92b4-39d40f23cca6",
    "data": [
      {
        "text": "Is there a holiday ",
        "userDefined": false
      },
      {
        "text": "Tomorrow",
        "alias": "date",
        "meta": "@sys.date",
        "userDefined": false
      }
    ],
    "isTemplate": false,
    "count": 0,
    "updated": 0
  },
  {
    "id": "cfa47d1f-383e-41aa-b406-8d5b34b5c041",
    "data": [
      {
        "text": "is it a holiday ",
        "userDefined": false
      },
      {
        "text": "today",
        "alias": "date",
        "meta": "@sys.date",
        "userDefined": false
      },
      {
        "text": "?",
        "userDefined": false
      }
    ],
    "isTemplate": false,
    "count": 0,
    "updated": 0
  }
]