[
  {
    "id": "97882e99-8ba1-46d7-ba10-3bec96aa822c",
    "data": [
      {
        "text": "any events?",
        "userDefined": false
      }
    ],
    "isTemplate": false,
    "count": 0,
    "updated": 1523171374
  },
  {
    "id": "ab3921a8-02af-4bb6-b6a6-eecd0d68af05",
    "data": [
      {
        "text": "list of events ?",
        "userDefined": false
      }
    ],
    "isTemplate": false,
    "count": 0,
    "updated": 1523171374
  },
  {
    "id": "63561108-d7dc-41eb-b6df-d00c662f637b",
    "data": [
      {
        "text": "details of events?",
        "userDefined": false
      }
    ],
    "isTemplate": false,
    "count": 0,
    "updated": 1523171374
  },
  {
    "id": "e86084a3-9c5e-433e-b7fd-6ba4932eddac",
    "data": [
      {
        "text": "how to register to events?",
        "userDefined": false
      }
    ],
    "isTemplate": false,
    "count": 0,
    "updated": 1523171374
  },
  {
    "id": "c5129499-4017-4ca3-a41d-fdefa88b8f30",
    "data": [
      {
        "text": "is there any events ?",
        "userDefined": false
      }
    ],
    "isTemplate": false,
    "count": 0,
    "updated": 1523171374
  }
]