[
  {
    "id": "38080219-cc50-45b5-9b2f-9eef844c638b",
    "data": [
      {
        "text": "what are the events connected in ",
        "userDefined": false
      },
      {
        "text": "1st one",
        "alias": "fests",
        "meta": "@fests",
        "userDefined": false
      }
    ],
    "isTemplate": false,
    "count": 0,
    "updated": 1523254866
  },
  {
    "id": "bc4496e5-cb91-4d03-8eb2-6be43072bfce",
    "data": [
      {
        "text": "list of events conducted in ",
        "userDefined": false
      },
      {
        "text": "1st one",
        "alias": "fests",
        "meta": "@fests",
        "userDefined": true
      }
    ],
    "isTemplate": false,
    "count": 0,
    "updated": 1523254866
  },
  {
    "id": "ddd0f515-c025-461b-8b9e-357411813688",
    "data": [
      {
        "text": "events in  ",
        "userDefined": false
      },
      {
        "text": "2nd",
        "alias": "fests",
        "meta": "@fests",
        "userDefined": false
      }
    ],
    "isTemplate": false,
    "count": 0,
    "updated": 1523254866
  }
]