[
  {
    "id": "4eff5959-5835-4bf2-bb83-8dd10e6df7b0",
    "data": [
      {
        "text": "what is address of KITSW",
        "userDefined": false
      }
    ],
    "isTemplate": false,
    "count": 0,
    "updated": 1520785422
  },
  {
    "id": "dc926933-53b9-464d-985d-80eddabf65dc",
    "data": [
      {
        "text": "kits college address",
        "userDefined": false
      }
    ],
    "isTemplate": false,
    "count": 0,
    "updated": 1520785422
  },
  {
    "id": "638bbf05-9d1d-45a5-8adc-6ff3260a2bae",
    "data": [
      {
        "text": "Where is it located?",
        "userDefined": false
      }
    ],
    "isTemplate": false,
    "count": 0,
    "updated": 1520785422
  },
  {
    "id": "c7cb3dee-6284-4de1-b5fb-3ac79a09f5a7",
    "data": [
      {
        "text": "kitsw location",
        "userDefined": false
      }
    ],
    "isTemplate": false,
    "count": 0,
    "updated": 1520784956
  },
  {
    "id": "1a873e96-76e1-4fbe-900f-f9c17f272a96",
    "data": [
      {
        "text": "where is the college",
        "userDefined": false
      }
    ],
    "isTemplate": false,
    "count": 0,
    "updated": 1520159437
  },
  {
    "id": "92ba663b-a8d9-48b4-916c-76c149549edc",
    "data": [
      {
        "text": "college address",
        "userDefined": false
      }
    ],
    "isTemplate": false,
    "count": 0,
    "updated": 1520784956
  },
  {
    "id": "29e942c6-ca33-4827-9078-363ee96a9f39",
    "data": [
      {
        "text": "College where?",
        "userDefined": false
      }
    ],
    "isTemplate": false,
    "count": 0,
    "updated": 1520785422
  },
  {
    "id": "1f79494a-a651-4687-b5ae-f94681e0574c",
    "data": [
      {
        "text": "kits address",
        "userDefined": false
      }
    ],
    "isTemplate": false,
    "count": 0,
    "updated": 1520784956
  },
  {
    "id": "4e723397-655e-4791-bfdb-80d619c29f18",
    "data": [
      {
        "text": "Where is the college located?",
        "userDefined": false
      }
    ],
    "isTemplate": false,
    "count": 0,
    "updated": 1520785422
  },
  {
    "id": "68842b18-a8a4-48be-a526-3e061f403560",
    "data": [
      {
        "text": "kitsw address",
        "userDefined": false
      }
    ],
    "isTemplate": false,
    "count": 0,
    "updated": 1520786492
  },
  {
    "id": "60b43e46-7a62-4e16-b084-5a2a797fa670",
    "data": [
      {
        "text": "where is KITSW located?",
        "userDefined": false
      }
    ],
    "isTemplate": false,
    "count": 0,
    "updated": 1520785422
  }
]