[
  {
    "id": "718d6d0c-ca18-4f03-b9cb-e74b3730f6fd",
    "data": [
      {
        "text": "when is the next holiday?",
        "userDefined": false
      }
    ],
    "isTemplate": false,
    "count": 0,
    "updated": 1520189096
  },
  {
    "id": "66381b9f-c406-4b92-9873-7ca698d4570c",
    "data": [
      {
        "text": "upcoming holidays?",
        "userDefined": false
      }
    ],
    "isTemplate": false,
    "count": 0,
    "updated": 1520189096
  },
  {
    "id": "2cc908fe-e954-4218-8773-89062e3ade3e",
    "data": [
      {
        "text": "upcoming general holidays?",
        "userDefined": false
      }
    ],
    "isTemplate": false,
    "count": 0,
    "updated": 1520189096
  },
  {
    "id": "5add4877-3411-4237-9c02-c363acfb351e",
    "data": [
      {
        "text": "next holiday?",
        "userDefined": false
      }
    ],
    "isTemplate": false,
    "count": 0,
    "updated": 1520189096
  }
]