[
  {
    "id": "cebb1d8b-087c-4e85-a212-6f9430499839",
    "data": [
      {
        "text": "how many people got selected in ",
        "userDefined": false
      },
      {
        "text": "amazon",
        "alias": "company",
        "meta": "@company",
        "userDefined": false
      },
      {
        "text": " in ",
        "userDefined": false
      },
      {
        "text": "2016",
        "alias": "year",
        "meta": "@years",
        "userDefined": false
      },
      {
        "text": "?",
        "userDefined": false
      }
    ],
    "isTemplate": false,
    "count": 0,
    "updated": 1523241023
  },
  {
    "id": "bb6abd8b-bcf9-4e9f-ac56-ddb7732cb5f3",
    "data": [
      {
        "text": "number of students placed in ",
        "userDefined": false
      },
      {
        "text": "deloitte",
        "alias": "company",
        "meta": "@company",
        "userDefined": true
      },
      {
        "text": " ?",
        "userDefined": false
      }
    ],
    "isTemplate": false,
    "count": 0,
    "updated": 1523240539
  },
  {
    "id": "fa75a565-b81a-4d92-b71b-d09fd7ed98d5",
    "data": [
      {
        "text": "how many students got placement?",
        "userDefined": false
      }
    ],
    "isTemplate": false,
    "count": 0,
    "updated": 1523240539
  },
  {
    "id": "981813f2-7a46-473e-ab93-9b65ee47fe93",
    "data": [
      {
        "text": "how many people got selected in placements in ",
        "userDefined": false
      },
      {
        "text": "2016",
        "alias": "year",
        "meta": "@years",
        "userDefined": true
      },
      {
        "text": " ?",
        "userDefined": false
      }
    ],
    "isTemplate": false,
    "count": 0,
    "updated": 1523241023
  },
  {
    "id": "50e8f450-6027-4dcb-b774-ef23cb8d2c0b",
    "data": [
      {
        "text": "no of placements in ",
        "userDefined": false
      },
      {
        "text": "acheron",
        "alias": "company",
        "meta": "@company",
        "userDefined": true
      }
    ],
    "isTemplate": false,
    "count": 0,
    "updated": 1523258841
  },
  {
    "id": "5897d2a5-3505-4fd8-b555-5a9d99547c65",
    "data": [
      {
        "text": "how many people got placed from ",
        "userDefined": false
      },
      {
        "text": "cse",
        "alias": "Dept",
        "meta": "@Department",
        "userDefined": false
      },
      {
        "text": " ",
        "userDefined": false
      },
      {
        "text": "last year",
        "alias": "year",
        "meta": "@years",
        "userDefined": false
      },
      {
        "text": " ?",
        "userDefined": false
      }
    ],
    "isTemplate": false,
    "count": 0,
    "updated": 1523241023
  },
  {
    "id": "1a91c3e9-0c26-4468-bc24-9e86f6040a6e",
    "data": [
      {
        "text": "number of students placed in ",
        "userDefined": false
      },
      {
        "text": "Amazon",
        "alias": "company",
        "meta": "@company",
        "userDefined": true
      },
      {
        "text": "  in ",
        "userDefined": false
      },
      {
        "text": "2017",
        "alias": "year",
        "meta": "@years",
        "userDefined": true
      },
      {
        "text": " ?",
        "userDefined": false
      }
    ],
    "isTemplate": false,
    "count": 0,
    "updated": 1523241023
  },
  {
    "id": "dc857487-0a41-4091-9835-9c07c3bded3b",
    "data": [
      {
        "text": "how many people got placements?",
        "userDefined": false
      }
    ],
    "isTemplate": false,
    "count": 0,
    "updated": 1523240539
  },
  {
    "id": "87705df4-ab7b-4f4f-9e17-55f143e5a426",
    "data": [
      {
        "text": "number of students placed in ",
        "userDefined": false
      },
      {
        "text": "amazon",
        "alias": "company",
        "meta": "@company",
        "userDefined": true
      },
      {
        "text": "?",
        "userDefined": false
      }
    ],
    "isTemplate": false,
    "count": 0,
    "updated": 1523240539
  },
  {
    "id": "e3ab85ac-c3af-4e6b-bb5c-fe65a0dc1922",
    "data": [
      {
        "text": "how many people got from ",
        "userDefined": false
      },
      {
        "text": "cse",
        "alias": "Dept",
        "meta": "@Department",
        "userDefined": false
      },
      {
        "text": " ?",
        "userDefined": false
      }
    ],
    "isTemplate": false,
    "count": 0,
    "updated": 1523241023
  },
  {
    "id": "459ec726-4bf6-4bb4-8c47-55d1894ce2aa",
    "data": [
      {
        "text": "how many people got placed from ",
        "userDefined": false
      },
      {
        "text": "mech",
        "alias": "Dept",
        "meta": "@Department",
        "userDefined": true
      },
      {
        "text": " in  ",
        "userDefined": false
      },
      {
        "text": "2016",
        "alias": "year",
        "meta": "@years",
        "userDefined": true
      },
      {
        "text": "?",
        "userDefined": false
      }
    ],
    "isTemplate": false,
    "count": 0,
    "updated": 1523241023
  }
]