[
  {
    "id": "c526d120-4493-4327-b7cc-dcda37b6bd67",
    "data": [
      {
        "text": "who is the director of kitsw",
        "userDefined": false
      }
    ],
    "isTemplate": false,
    "count": 0,
    "updated": 1523200344
  },
  {
    "id": "d5a121f8-e93d-4c0e-8f8f-69fd2b9fb03e",
    "data": [
      {
        "text": "our college ",
        "userDefined": false
      },
      {
        "text": "principal",
        "meta": "@sys.ignore",
        "userDefined": true
      },
      {
        "text": " name",
        "userDefined": false
      }
    ],
    "isTemplate": false,
    "count": 0,
    "updated": 1523200344
  },
  {
    "id": "334d8a0a-95d3-41c9-843b-5b11af95acae",
    "data": [
      {
        "text": "our college director name",
        "userDefined": false
      }
    ],
    "isTemplate": false,
    "count": 0,
    "updated": 1523200344
  },
  {
    "id": "48c8f898-de72-47b2-9650-3a89ee49357a",
    "data": [
      {
        "text": "who is the ",
        "userDefined": false
      },
      {
        "text": "principal",
        "meta": "@sys.ignore",
        "userDefined": true
      },
      {
        "text": " for kitsw",
        "userDefined": false
      }
    ],
    "isTemplate": false,
    "count": 0,
    "updated": 1523200344
  }
]