[
  {
    "id": "e85343e8-5e90-42a9-9452-ff3fc1c9230c",
    "data": [
      {
        "text": "what do we study in ",
        "userDefined": false
      },
      {
        "text": "cse",
        "alias": "Dept",
        "meta": "@Department",
        "userDefined": true
      },
      {
        "text": " ",
        "userDefined": false
      },
      {
        "text": "3rd year 1st sem",
        "alias": "sem",
        "meta": "@sem",
        "userDefined": true
      },
      {
        "text": "?",
        "userDefined": false
      }
    ],
    "isTemplate": false,
    "count": 0,
    "updated": 1520805172
  },
  {
    "id": "09ca07a5-956f-4dc3-9b2f-f14fd977564a",
    "data": [
      {
        "text": "what are the courses in ",
        "userDefined": false
      },
      {
        "text": "sem 5",
        "alias": "sem",
        "meta": "@sem",
        "userDefined": true
      }
    ],
    "isTemplate": false,
    "count": 0,
    "updated": 1523199073
  },
  {
    "id": "0135ebe6-9a83-4af4-9f81-6ce264da7112",
    "data": [
      {
        "text": "what subject do we have in ",
        "userDefined": false
      },
      {
        "text": "cse",
        "alias": "Dept",
        "meta": "@Department",
        "userDefined": true
      },
      {
        "text": " ",
        "userDefined": false
      },
      {
        "text": "4-1",
        "alias": "sem",
        "meta": "@sem",
        "userDefined": true
      },
      {
        "text": "?",
        "userDefined": false
      }
    ],
    "isTemplate": false,
    "count": 0,
    "updated": 1520805172
  },
  {
    "id": "2addd6e8-61ea-4b30-8f9e-c340bdfa8c80",
    "data": [
      {
        "text": "what subject do we have?",
        "userDefined": false
      }
    ],
    "isTemplate": false,
    "count": 0,
    "updated": 1520805172
  },
  {
    "id": "78d1f915-31ed-4f9e-9693-e9d59d0c0221",
    "data": [
      {
        "text": "syllabus for ",
        "userDefined": false
      },
      {
        "text": "sem3",
        "alias": "sem",
        "meta": "@sem",
        "userDefined": true
      }
    ],
    "isTemplate": false,
    "count": 0,
    "updated": 1523199073
  }
]