[
  {
    "id": "2de91f53-ea51-439f-b472-a1d28b9b2405",
    "data": [
      {
        "text": "Who is ",
        "userDefined": false
      },
      {
        "text": "narasimha reddy",
        "alias": "name",
        "meta": "@sys.any",
        "userDefined": true
      },
      {
        "text": " ",
        "userDefined": false
      }
    ],
    "isTemplate": false,
    "count": 0,
    "updated": 0
  },
  {
    "id": "a9eaf43f-7e91-4c3a-b7c8-422111273a81",
    "data": [
      {
        "text": "who is ",
        "userDefined": false
      },
      {
        "text": "sridhar",
        "alias": "name",
        "meta": "@sys.any",
        "userDefined": true
      },
      {
        "text": "\n ?",
        "userDefined": false
      }
    ],
    "isTemplate": false,
    "count": 0,
    "updated": 1520441496
  },
  {
    "id": "00bd9836-43d6-4847-aca7-a3d6ce71e099",
    "data": [
      {
        "text": "who is ",
        "userDefined": false
      },
      {
        "text": "sridhar",
        "alias": "name",
        "meta": "@sys.any",
        "userDefined": true
      },
      {
        "text": "\n sir?",
        "userDefined": false
      }
    ],
    "isTemplate": false,
    "count": 0,
    "updated": 1520441496
  },
  {
    "id": "8ef19222-3af0-42bf-9ade-02e7869c3552",
    "data": [
      {
        "text": "tell me about ",
        "userDefined": false
      },
      {
        "text": "G.Sridhar",
        "alias": "name",
        "meta": "@sys.any",
        "userDefined": true
      },
      {
        "text": "\r madam.",
        "userDefined": false
      }
    ],
    "isTemplate": false,
    "count": 0,
    "updated": 1520441496
  },
  {
    "id": "31cbfb93-8970-4db7-be4c-190efaf7dd31",
    "data": [
      {
        "text": "tell me about ",
        "userDefined": false
      },
      {
        "text": "G.Sridhar",
        "alias": "name",
        "meta": "@sys.any",
        "userDefined": true
      },
      {
        "text": "\n.",
        "userDefined": false
      }
    ],
    "isTemplate": false,
    "count": 0,
    "updated": 1520441496
  },
  {
    "id": "d6280c6e-aa43-49af-807e-1e05addb7b5b",
    "data": [
      {
        "text": "who is ",
        "userDefined": false
      },
      {
        "text": "G.Sridhar",
        "alias": "name",
        "meta": "@sys.any",
        "userDefined": true
      },
      {
        "text": " ?",
        "userDefined": false
      }
    ],
    "isTemplate": false,
    "count": 0,
    "updated": 1520441496
  },
  {
    "id": "0456fb59-80c6-42e5-8e0c-a5e7ca1b4c14",
    "data": [
      {
        "text": "who is ",
        "userDefined": false
      },
      {
        "text": "swathy",
        "alias": "name",
        "meta": "@sys.any",
        "userDefined": true
      },
      {
        "text": " mam",
        "userDefined": false
      }
    ],
    "isTemplate": false,
    "count": 1,
    "updated": 0
  },
  {
    "id": "4c016804-ebda-4d4d-91d8-218a0f586943",
    "data": [
      {
        "text": "tell me about ",
        "userDefined": false
      },
      {
        "text": "G.Sridhar",
        "alias": "name",
        "meta": "@sys.any",
        "userDefined": true
      },
      {
        "text": "\n sir.",
        "userDefined": false
      }
    ],
    "isTemplate": false,
    "count": 0,
    "updated": 1520441496
  }
]