[
  {
    "id": "65a75392-347d-472d-b250-098b4f564a83",
    "data": [
      {
        "text": "When does the college end",
        "userDefined": false
      }
    ],
    "isTemplate": false,
    "count": 0,
    "updated": 1523199695
  },
  {
    "id": "ba59b372-e55c-472c-b52d-a2152e192086",
    "data": [
      {
        "text": "College timings?",
        "userDefined": false
      }
    ],
    "isTemplate": false,
    "count": 0,
    "updated": 1523199695
  },
  {
    "id": "8c48afd7-d2f0-48b0-9be0-944729cbc8e1",
    "data": [
      {
        "text": "What are the timings",
        "userDefined": false
      }
    ],
    "isTemplate": false,
    "count": 0,
    "updated": 1523199695
  },
  {
    "id": "0a5ac54d-fb04-4dbd-ac0d-a353f6c2859e",
    "data": [
      {
        "text": "Kits timings",
        "userDefined": false
      }
    ],
    "isTemplate": false,
    "count": 0,
    "updated": 1523199695
  },
  {
    "id": "15144836-3745-4b8b-a31b-5b7d5a177ffc",
    "data": [
      {
        "text": "What are the college timings",
        "userDefined": false
      }
    ],
    "isTemplate": false,
    "count": 0,
    "updated": 1523199695
  },
  {
    "id": "62cd5712-7040-4e5f-b556-455d38d8d395",
    "data": [
      {
        "text": "Timings for ",
        "userDefined": false
      },
      {
        "text": "KITS",
        "meta": "@sys.ignore",
        "userDefined": false
      }
    ],
    "isTemplate": false,
    "count": 0,
    "updated": 1523199695
  },
  {
    "id": "b997e245-2810-44a2-83b8-631a0f23025d",
    "data": [
      {
        "text": "Timings for the college",
        "userDefined": false
      }
    ],
    "isTemplate": false,
    "count": 0,
    "updated": 1523199695
  },
  {
    "id": "407637e4-dfe1-47e5-9e53-bf2af3df58a8",
    "data": [
      {
        "text": "When does the college start",
        "userDefined": false
      }
    ],
    "isTemplate": false,
    "count": 0,
    "updated": 1523199695
  }
]