[
  {
    "id": "a6f2d947-7f94-46e7-8d5d-48d964359588",
    "data": [
      {
        "text": "heelo",
        "userDefined": false
      }
    ],
    "isTemplate": false,
    "count": 0,
    "updated": 1520786523
  },
  {
    "id": "5c459784-6d14-4a84-907c-db597fefdda6",
    "data": [
      {
        "text": "Hello",
        "userDefined": false
      }
    ],
    "isTemplate": false,
    "count": 0,
    "updated": 1520786369
  },
  {
    "id": "d6edb716-47a7-4e85-8d99-a63e9b04569d",
    "data": [
      {
        "text": "Hai",
        "userDefined": false
      }
    ],
    "isTemplate": false,
    "count": 0,
    "updated": 0
  },
  {
    "id": "1403289f-93b0-47dd-a632-294cec8da663",
    "data": [
      {
        "text": "Namasthe",
        "userDefined": false
      }
    ],
    "isTemplate": false,
    "count": 0,
    "updated": 1522258575
  },
  {
    "id": "ba33ae8e-0860-4508-afa7-cf80bead0fc7",
    "data": [
      {
        "text": "Hey",
        "userDefined": false
      }
    ],
    "isTemplate": false,
    "count": 0,
    "updated": 1520786369
  },
  {
    "id": "1f340668-db31-41b0-8f48-f3ba4ce6b538",
    "data": [
      {
        "text": "Der",
        "userDefined": false
      }
    ],
    "isTemplate": false,
    "count": 0,
    "updated": 1520786369
  },
  {
    "id": "58daa8b4-25f7-4378-b3b9-49fb58e83f04",
    "data": [
      {
        "text": "Hi",
        "userDefined": false
      }
    ],
    "isTemplate": false,
    "count": 0,
    "updated": 1520786369
  },
  {
    "id": "97bfd195-3b4f-441a-b885-56b8fb689d65",
    "data": [
      {
        "text": "helllo",
        "userDefined": false
      }
    ],
    "isTemplate": false,
    "count": 0,
    "updated": 1520786538
  },
  {
    "id": "ad79191d-56e3-4008-beb7-90567d9c6367",
    "data": [
      {
        "text": "yo",
        "userDefined": false
      }
    ],
    "isTemplate": false,
    "count": 0,
    "updated": 1520786369
  }
]