[
  {
    "id": "a9ea1888-4103-4ea4-a46b-dd719eee5e16",
    "data": [
      {
        "text": "holiday for ",
        "userDefined": false
      },
      {
        "text": "Sri Rama Navami",
        "alias": "name",
        "meta": "@sys.any",
        "userDefined": true
      },
      {
        "text": " ?",
        "userDefined": false
      }
    ],
    "isTemplate": false,
    "count": 0,
    "updated": 1520797811
  },
  {
    "id": "a0fa88bf-a76a-49a5-bd28-72aee6097719",
    "data": [
      {
        "text": "when is ",
        "userDefined": false
      },
      {
        "text": "Sri Rama Navami",
        "alias": "name",
        "meta": "@sys.any",
        "userDefined": true
      },
      {
        "text": "?",
        "userDefined": false
      }
    ],
    "isTemplate": false,
    "count": 0,
    "updated": 1520798410
  },
  {
    "id": "16c33c88-4d07-4d40-adb2-605a3f17ae7b",
    "data": [
      {
        "text": "when is holiday for ",
        "userDefined": false
      },
      {
        "text": "Sri Rama Navami",
        "alias": "name",
        "meta": "@sys.any",
        "userDefined": true
      },
      {
        "text": "?",
        "userDefined": false
      }
    ],
    "isTemplate": false,
    "count": 0,
    "updated": 1520797811
  },
  {
    "id": "d0ddad82-007a-4725-be97-81fb2b803474",
    "data": [
      {
        "text": "when do we have holiday for ",
        "userDefined": false
      },
      {
        "text": "Sri Rama Navami",
        "alias": "name",
        "meta": "@sys.any",
        "userDefined": true
      },
      {
        "text": "?",
        "userDefined": false
      }
    ],
    "isTemplate": false,
    "count": 0,
    "updated": 1520797811
  }
]