[
  {
    "value": "GGK Technologies",
    "synonyms": [
      "GGK Technologies",
      "ggk technologies",
      "GGK "
    ]
  },
  {
    "value": "Amazon India",
    "synonyms": [
      "Amazon India",
      "amazon india",
      "Amazon "
    ]
  },
  {
    "value": "Lucid India Software",
    "synonyms": [
      "Lucid India Software",
      "lucid india software",
      "Lucid "
    ]
  },
  {
    "value": "Medha Servo Drives",
    "synonyms": [
      "Medha Servo Drives",
      "medha servo drives",
      "Medha "
    ]
  },
  {
    "value": "Bosch Limited",
    "synonyms": [
      "Bosch Limited",
      "bosch limited",
      "Bosch "
    ]
  },
  {
    "value": "Richees IT",
    "synonyms": [
      "Richees IT",
      "richees it",
      "Richees "
    ]
  },
  {
    "value": "Forun Express \u0026 Cargo",
    "synonyms": [
      "Forun Express \u0026 Cargo",
      "forun express \u0026 cargo",
      "Forun "
    ]
  },
  {
    "value": "Just Dial",
    "synonyms": [
      "Just Dial",
      "just dial",
      "Just "
    ]
  },
  {
    "value": "Mahindra \u0026 Mahindra",
    "synonyms": [
      "Mahindra \u0026 Mahindra",
      "mahindra \u0026 mahindra",
      "Mahindra "
    ]
  },
  {
    "value": "Redpine Signals",
    "synonyms": [
      "Redpine Signals",
      "redpine signals",
      "Redpine "
    ]
  },
  {
    "value": "SAP Labs",
    "synonyms": [
      "SAP Labs",
      "sap labs",
      "SAP "
    ]
  },
  {
    "value": "Aurobindo Pharma",
    "synonyms": [
      "Aurobindo Pharma",
      "aurobindo pharma",
      "Aurobindo "
    ]
  },
  {
    "value": "Choice Solutions",
    "synonyms": [
      "Choice Solutions",
      "choice solutions",
      "Choice "
    ]
  },
  {
    "value": "Grow Controls Pvt. Ltd.",
    "synonyms": [
      "Grow Controls Pvt. Ltd.",
      "grow controls pvt. ltd.",
      "Grow "
    ]
  },
  {
    "value": "INS Zoom Technology \u0026 Services",
    "synonyms": [
      "INS Zoom Technology \u0026 Services",
      "ins zoom technology \u0026 services",
      "INS "
    ]
  },
  {
    "value": "Mind Tree",
    "synonyms": [
      "Mind Tree",
      "mind tree",
      "Mind "
    ]
  },
  {
    "value": "Novus Green",
    "synonyms": [
      "Novus Green",
      "novus green",
      "Novus "
    ]
  },
  {
    "value": "Design Tribe",
    "synonyms": [
      "Design Tribe",
      "design tribe",
      "Design "
    ]
  },
  {
    "value": "Alliance Growth Pvt. Ltd.",
    "synonyms": [
      "Alliance Growth Pvt. Ltd.",
      "alliance growth pvt. ltd.",
      "Alliance "
    ]
  },
  {
    "value": "ELGI Equipments",
    "synonyms": [
      "ELGI Equipments",
      "elgi equipments",
      "ELGI "
    ]
  },
  {
    "value": "eTouch Systems Pvt. Ltd.",
    "synonyms": [
      "eTouch Systems Pvt. Ltd.",
      "etouch systems pvt. ltd.",
      "eTouch "
    ]
  },
  {
    "value": "Mordor Intelligence",
    "synonyms": [
      "Mordor Intelligence",
      "mordor intelligence",
      "Mordor "
    ]
  },
  {
    "value": "Capgemini \u0026 Landmark Global",
    "synonyms": [
      "Capgemini \u0026 Landmark Global",
      "capgemini \u0026 landmark global",
      "Capgemini "
    ]
  },
  {
    "value": "Amagi Media Labs Pvt. Ltd.",
    "synonyms": [
      "Amagi Media Labs Pvt. Ltd.",
      "amagi media labs pvt. ltd.",
      "Amagi "
    ]
  },
  {
    "value": "Medha Servo",
    "synonyms": [
      "Medha Servo",
      "medha servo",
      "Medha "
    ]
  },
  {
    "value": "Ashok Leyland",
    "synonyms": [
      "Ashok Leyland",
      "ashok leyland",
      "Ashok "
    ]
  },
  {
    "value": "CrtlS Data Centers",
    "synonyms": [
      "CrtlS Data Centers",
      "crtls data centers",
      "CrtlS "
    ]
  },
  {
    "value": "Global Step",
    "synonyms": [
      "Global Step",
      "global step",
      "Global "
    ]
  },
  {
    "value": "Hyundai Mobis",
    "synonyms": [
      "Hyundai Mobis",
      "hyundai mobis",
      "Hyundai "
    ]
  },
  {
    "value": "L\u0026T Metro Rail",
    "synonyms": [
      "L\u0026T Metro Rail",
      "l\u0026t metro rail",
      "L\u0026T "
    ]
  },
  {
    "value": "Creative Thoughts",
    "synonyms": [
      "Creative Thoughts",
      "creative thoughts",
      "Creative "
    ]
  },
  {
    "value": "DGS Technical Services",
    "synonyms": [
      "DGS Technical Services",
      "dgs technical services",
      "DGS "
    ]
  },
  {
    "value": "ICOMM Teleservices",
    "synonyms": [
      "ICOMM Teleservices",
      "icomm teleservices",
      "ICOMM "
    ]
  },
  {
    "value": "Mold-Tek Technologies",
    "synonyms": [
      "Mold-Tek Technologies",
      "mold-tek technologies",
      "Mold-Tek "
    ]
  },
  {
    "value": "Raster Technologies",
    "synonyms": [
      "Raster Technologies",
      "raster technologies",
      "Raster "
    ]
  },
  {
    "value": "Aurobindo Pharma LtdÂ ",
    "synonyms": [
      "Aurobindo Pharma LtdÂ ",
      "aurobindo pharma ltdâ ",
      "Aurobindo "
    ]
  },
  {
    "value": "CA Technologies",
    "synonyms": [
      "CA Technologies",
      "ca technologies",
      "CA "
    ]
  },
  {
    "value": "GGK Technologies.",
    "synonyms": [
      "GGK Technologies.",
      "ggk technologies.",
      "GGK "
    ]
  },
  {
    "value": "Global Edge",
    "synonyms": [
      "Global Edge",
      "global edge",
      "Global "
    ]
  },
  {
    "value": "Puzzolana Machinery Fabricators",
    "synonyms": [
      "Puzzolana Machinery Fabricators",
      "puzzolana machinery fabricators",
      "Puzzolana "
    ]
  },
  {
    "value": "RSV Bridge Constructions",
    "synonyms": [
      "RSV Bridge Constructions",
      "rsv bridge constructions",
      "RSV "
    ]
  },
  {
    "value": "Samsung R\u0026D",
    "synonyms": [
      "Samsung R\u0026D",
      "samsung r\u0026d",
      "Samsung "
    ]
  },
  {
    "value": "Freyr Solutions",
    "synonyms": [
      "Freyr Solutions",
      "freyr solutions",
      "Freyr "
    ]
  },
  {
    "value": "Google APAC",
    "synonyms": [
      "Google APAC",
      "google apac",
      "Google "
    ]
  },
  {
    "value": "Raam Group",
    "synonyms": [
      "Raam Group",
      "raam group",
      "Raam "
    ]
  },
  {
    "value": "CtrlS Data Centres",
    "synonyms": [
      "CtrlS Data Centres",
      "ctrls data centres",
      "CtrlS "
    ]
  },
  {
    "value": "Angel Broking",
    "synonyms": [
      "Angel Broking",
      "angel broking",
      "Angel "
    ]
  },
  {
    "value": "Design Tribe India Pvt. Ltd.",
    "synonyms": [
      "Design Tribe India Pvt. Ltd.",
      "design tribe india pvt. ltd.",
      "Design "
    ]
  },
  {
    "value": "Hyundai R\u0026D",
    "synonyms": [
      "Hyundai R\u0026D",
      "hyundai r\u0026d",
      "Hyundai "
    ]
  },
  {
    "value": "DGS Technology Services",
    "synonyms": [
      "DGS Technology Services",
      "dgs technology services",
      "DGS "
    ]
  },
  {
    "value": "Hyundai Motors",
    "synonyms": [
      "Hyundai Motors",
      "hyundai motors",
      "Hyundai "
    ]
  },
  {
    "value": "GE Digital",
    "synonyms": [
      "GE Digital",
      "ge digital",
      "GE "
    ]
  },
  {
    "value": "Global Logic.",
    "synonyms": [
      "Global Logic.",
      "global logic.",
      "Global "
    ]
  },
  {
    "value": "Raster Engineers",
    "synonyms": [
      "Raster Engineers",
      "raster engineers",
      "Raster "
    ]
  },
  {
    "value": "Anath Technologies",
    "synonyms": [
      "Anath Technologies",
      "anath technologies",
      "Anath "
    ]
  },
  {
    "value": "Aptroid Technologies Pvt. Ltd.",
    "synonyms": [
      "Aptroid Technologies Pvt. Ltd.",
      "aptroid technologies pvt. ltd.",
      "Aptroid "
    ]
  },
  {
    "value": "CDK Global",
    "synonyms": [
      "CDK Global",
      "cdk global",
      "CDK "
    ]
  },
  {
    "value": "CSC India",
    "synonyms": [
      "CSC India",
      "csc india",
      "CSC "
    ]
  },
  {
    "value": "Multiplier Solutions",
    "synonyms": [
      "Multiplier Solutions",
      "multiplier solutions",
      "Multiplier "
    ]
  },
  {
    "value": "Experis IT",
    "synonyms": [
      "Experis IT",
      "experis it",
      "Experis "
    ]
  },
  {
    "value": "Factset ",
    "synonyms": [
      "Factset ",
      "factset ",
      "Factset "
    ]
  },
  {
    "value": "Nile Stream Info Technologies",
    "synonyms": [
      "Nile Stream Info Technologies",
      "nile stream info technologies",
      "Nile "
    ]
  },
  {
    "value": "Polmon Instruments",
    "synonyms": [
      "Polmon Instruments",
      "polmon instruments",
      "Polmon "
    ]
  },
  {
    "value": "Riktam Technologies",
    "synonyms": [
      "Riktam Technologies",
      "riktam technologies",
      "Riktam "
    ]
  },
  {
    "value": "Sia Group",
    "synonyms": [
      "Sia Group",
      "sia group",
      "Sia "
    ]
  },
  {
    "value": "Saint-Gobain",
    "synonyms": [
      "Saint-Gobain",
      "saint-gobain"
    ]
  },
  {
    "value": "Zeta Interactive",
    "synonyms": [
      "Zeta Interactive",
      "zeta interactive",
      "Zeta "
    ]
  },
  {
    "value": "Hcl",
    "synonyms": [
      "Hcl",
      "hcl"
    ]
  },
  {
    "value": "Prolifics",
    "synonyms": [
      "Prolifics",
      "prolifics"
    ]
  },
  {
    "value": "TCS",
    "synonyms": [
      "TCS",
      "tcs"
    ]
  },
  {
    "value": "Voonik",
    "synonyms": [
      "Voonik",
      "voonik"
    ]
  },
  {
    "value": "Zensar",
    "synonyms": [
      "Zensar",
      "zensar"
    ]
  },
  {
    "value": "TCS_Off campus",
    "synonyms": [
      "TCS_Off campus",
      "tcs_off campus",
      "TCS_Off "
    ]
  },
  {
    "value": "Verizon WirelessÂ ",
    "synonyms": [
      "Verizon WirelessÂ ",
      "verizon wirelessâ ",
      "Verizon "
    ]
  },
  {
    "value": "Sutherland Global Services",
    "synonyms": [
      "Sutherland Global Services",
      "sutherland global services",
      "Sutherland "
    ]
  },
  {
    "value": "AD3i",
    "synonyms": [
      "AD3i",
      "ad3i"
    ]
  },
  {
    "value": "hpe",
    "synonyms": [
      "hpe",
      "hpe"
    ]
  },
  {
    "value": "MuSigma",
    "synonyms": [
      "MuSigma",
      "musigma"
    ]
  },
  {
    "value": "Polaris-FT",
    "synonyms": [
      "Polaris-FT",
      "polaris-ft"
    ]
  },
  {
    "value": "deloitte",
    "synonyms": [
      "deloitte",
      "deloitte"
    ]
  },
  {
    "value": "Broadridge",
    "synonyms": [
      "Broadridge",
      "broadridge"
    ]
  },
  {
    "value": "FMC",
    "synonyms": [
      "FMC",
      "fmc"
    ]
  },
  {
    "value": "Genpact",
    "synonyms": [
      "Genpact",
      "genpact"
    ]
  },
  {
    "value": "Vamtech Solutions",
    "synonyms": [
      "Vamtech Solutions",
      "vamtech solutions",
      "Vamtech "
    ]
  },
  {
    "value": "ADP",
    "synonyms": [
      "ADP",
      "adp"
    ]
  },
  {
    "value": "Autorabit",
    "synonyms": [
      "Autorabit",
      "autorabit"
    ]
  },
  {
    "value": "Capgemini",
    "synonyms": [
      "Capgemini",
      "capgemini"
    ]
  },
  {
    "value": "CSC",
    "synonyms": [
      "CSC",
      "csc"
    ]
  },
  {
    "value": "Infosys",
    "synonyms": [
      "Infosys",
      "infosys"
    ]
  },
  {
    "value": "Nebulogic",
    "synonyms": [
      "Nebulogic",
      "nebulogic"
    ]
  },
  {
    "value": "VEM Technologies",
    "synonyms": [
      "VEM Technologies",
      "vem technologies",
      "VEM "
    ]
  },
  {
    "value": "Excer",
    "synonyms": [
      "Excer",
      "excer"
    ]
  },
  {
    "value": "Web Synergies",
    "synonyms": [
      "Web Synergies",
      "web synergies",
      "Web "
    ]
  },
  {
    "value": "Tech Mahindra",
    "synonyms": [
      "Tech Mahindra",
      "tech mahindra",
      "Tech "
    ]
  },
  {
    "value": "Triangle Tele Incorp. Pvt. Ltd.",
    "synonyms": [
      "Triangle Tele Incorp. Pvt. Ltd.",
      "triangle tele incorp. pvt. ltd.",
      "Triangle "
    ]
  },
  {
    "value": "Infor",
    "synonyms": [
      "Infor",
      "infor"
    ]
  },
  {
    "value": "Cadfem",
    "synonyms": [
      "Cadfem",
      "cadfem"
    ]
  },
  {
    "value": "Osmosys",
    "synonyms": [
      "Osmosys",
      "osmosys"
    ]
  },
  {
    "value": "Technovert",
    "synonyms": [
      "Technovert",
      "technovert"
    ]
  },
  {
    "value": "Amazon",
    "synonyms": [
      "Amazon",
      "amazon"
    ]
  },
  {
    "value": "Metmox",
    "synonyms": [
      "Metmox",
      "metmox"
    ]
  },
  {
    "value": "Mphasis",
    "synonyms": [
      "Mphasis",
      "mphasis"
    ]
  },
  {
    "value": "ValueMomentum",
    "synonyms": [
      "ValueMomentum",
      "valuemomentum"
    ]
  },
  {
    "value": "Star Hospitals",
    "synonyms": [
      "Star Hospitals",
      "star hospitals",
      "Star "
    ]
  },
  {
    "value": "Bro4u.com",
    "synonyms": [
      "Bro4u.com",
      "bro4u.com"
    ]
  },
  {
    "value": "Sonata Software",
    "synonyms": [
      "Sonata Software",
      "sonata software",
      "Sonata "
    ]
  },
  {
    "value": "Think \u0026 Learn Pvt.Ltd.",
    "synonyms": [
      "Think \u0026 Learn Pvt.Ltd.",
      "think \u0026 learn pvt.ltd.",
      "Think "
    ]
  },
  {
    "value": "Zen Technologies",
    "synonyms": [
      "Zen Technologies",
      "zen technologies",
      "Zen "
    ]
  },
  {
    "value": "JDA",
    "synonyms": [
      "JDA",
      "jda"
    ]
  },
  {
    "value": "Polaris",
    "synonyms": [
      "Polaris",
      "polaris"
    ]
  },
  {
    "value": "Techaspect",
    "synonyms": [
      "Techaspect",
      "techaspect"
    ]
  },
  {
    "value": "Cyient",
    "synonyms": [
      "Cyient",
      "cyient"
    ]
  },
  {
    "value": "Ebutor",
    "synonyms": [
      "Ebutor",
      "ebutor"
    ]
  },
  {
    "value": "Flexeye",
    "synonyms": [
      "Flexeye",
      "flexeye"
    ]
  },
  {
    "value": "Hcl,Comnet",
    "synonyms": [
      "Hcl,Comnet",
      "hcl,comnet"
    ]
  },
  {
    "value": "InRhythm",
    "synonyms": [
      "InRhythm",
      "inrhythm"
    ]
  },
  {
    "value": "JRA",
    "synonyms": [
      "JRA",
      "jra"
    ]
  },
  {
    "value": "TATA Communications",
    "synonyms": [
      "TATA Communications",
      "tata communications",
      "TATA "
    ]
  },
  {
    "value": "Virtusa Polaris",
    "synonyms": [
      "Virtusa Polaris",
      "virtusa polaris",
      "Virtusa "
    ]
  },
  {
    "value": "Ktree",
    "synonyms": [
      "Ktree",
      "ktree"
    ]
  },
  {
    "value": "Vag-Valves",
    "synonyms": [
      "Vag-Valves",
      "vag-valves"
    ]
  },
  {
    "value": "Coherendz",
    "synonyms": [
      "Coherendz",
      "coherendz"
    ]
  },
  {
    "value": "CTS",
    "synonyms": [
      "CTS",
      "cts"
    ]
  },
  {
    "value": "Efftronics",
    "synonyms": [
      "Efftronics",
      "efftronics"
    ]
  },
  {
    "value": "HP",
    "synonyms": [
      "HP",
      "hp"
    ]
  },
  {
    "value": "Moldtek",
    "synonyms": [
      "Moldtek",
      "moldtek"
    ]
  },
  {
    "value": "Acheron",
    "synonyms": [
      "Acheron",
      "acheron"
    ]
  },
  {
    "value": "Satyam Ventures",
    "synonyms": [
      "Satyam Ventures",
      "satyam ventures",
      "Satyam "
    ]
  },
  {
    "value": "SBR Home Services",
    "synonyms": [
      "SBR Home Services",
      "sbr home services",
      "SBR "
    ]
  },
  {
    "value": "Telecom Sector/ Fast Job Service",
    "synonyms": [
      "Telecom Sector/ Fast Job Service",
      "telecom sector/ fast job service",
      "Telecom "
    ]
  },
  {
    "value": "CSSI",
    "synonyms": [
      "CSSI",
      "cssi"
    ]
  },
  {
    "value": "Huawei",
    "synonyms": [
      "Huawei",
      "huawei"
    ]
  },
  {
    "value": "Teradata",
    "synonyms": [
      "Teradata",
      "teradata"
    ]
  },
  {
    "value": "Virtusa",
    "synonyms": [
      "Virtusa",
      "virtusa"
    ]
  },
  {
    "value": "Cognizant",
    "synonyms": [
      "Cognizant",
      "cognizant"
    ]
  },
  {
    "value": "CTRLS",
    "synonyms": [
      "CTRLS",
      "ctrls"
    ]
  },
  {
    "value": "IBM",
    "synonyms": [
      "IBM",
      "ibm"
    ]
  },
  {
    "value": "Unistring Tech Solutions",
    "synonyms": [
      "Unistring Tech Solutions",
      "unistring tech solutions",
      "Unistring "
    ]
  },
  {
    "value": "Value Labs",
    "synonyms": [
      "Value Labs",
      "value labs",
      "Value "
    ]
  },
  {
    "value": "Berkadia",
    "synonyms": [
      "Berkadia",
      "berkadia"
    ]
  },
  {
    "value": "FSS",
    "synonyms": [
      "FSS",
      "fss"
    ]
  }
]