[
  {
    "value": "MECH",
    "synonyms": [
      "MECH",
      "ME",
      "Mechanical engg",
      "Mechanical Engineering",
      "mechanical"
    ]
  },
  {
    "value": "EEE",
    "synonyms": [
      "EEE",
      "ELECTRICAL \u0026 ELECTRONICS ENGG.",
      "Electrical and Electronics",
      "electrical and electronics Engineering"
    ]
  },
  {
    "value": "ECE",
    "synonyms": [
      "ECE",
      "ELECTRONICS \u0026 COMMUNICATION ENGG.",
      "Electronic and Communication Engineering",
      "Electronics \u0026 Communication"
    ]
  },
  {
    "value": "EI",
    "synonyms": [
      "EI",
      "Electronics \u0026 Instrumentation Engineering",
      "EIE",
      "electronics \u0026 instrumentation engg.",
      "Electronics \u0026 Instrumentation"
    ]
  },
  {
    "value": "CSE",
    "synonyms": [
      "CSE",
      "computer science",
      "CS",
      "Computer Science Engineering",
      "Computer Science \u0026 Engg",
      "computers"
    ]
  },
  {
    "value": "MBA",
    "synonyms": [
      "MBA",
      "Master of Business Administration",
      "master of business"
    ]
  },
  {
    "value": "CIVIL",
    "synonyms": [
      "CIVIL",
      "civil engg.",
      "civil engineering",
      "CE"
    ]
  },
  {
    "value": "Electronics and Communication Engineering",
    "synonyms": [
      "Electronics and Communication Engineering"
    ]
  },
  {
    "value": "IT",
    "synonyms": [
      "IT",
      "Information Technology",
      "info. technology"
    ]
  }
]