[
  {
    "value": "2",
    "synonyms": [
      "2",
      "II/IV",
      "2/4",
      "second year",
      "2nd year",
      "2nd yr"
    ]
  },
  {
    "value": "4",
    "synonyms": [
      "4",
      "4/4",
      "IV/IV",
      "forth year",
      "4th year",
      "final year",
      "4th yr"
    ]
  },
  {
    "value": "1",
    "synonyms": [
      "1",
      "I/IV",
      "1/4",
      "first year",
      "1st year",
      "1st yr"
    ]
  },
  {
    "value": "3",
    "synonyms": [
      "3",
      "III/IV",
      "3/4",
      "third year",
      "3rd year",
      "3rd yr"
    ]
  }
]