[
  {
    "value": "2017",
    "synonyms": [
      "2017",
      "last year",
      "previous year"
    ]
  },
  {
    "value": "2007",
    "synonyms": [
      "2007"
    ]
  },
  {
    "value": "2001",
    "synonyms": [
      "2001"
    ]
  },
  {
    "value": "2005",
    "synonyms": [
      "2005"
    ]
  },
  {
    "value": "2002",
    "synonyms": [
      "2002"
    ]
  },
  {
    "value": "2014",
    "synonyms": [
      "2014"
    ]
  },
  {
    "value": "2015",
    "synonyms": [
      "2015"
    ]
  },
  {
    "value": "2008",
    "synonyms": [
      "2008"
    ]
  },
  {
    "value": "2012",
    "synonyms": [
      "2012"
    ]
  },
  {
    "value": "2013",
    "synonyms": [
      "2013"
    ]
  },
  {
    "value": "2010",
    "synonyms": [
      "2010"
    ]
  },
  {
    "value": "2009",
    "synonyms": [
      "2009"
    ]
  },
  {
    "value": "2003",
    "synonyms": [
      "2003"
    ]
  },
  {
    "value": "2006",
    "synonyms": [
      "2006"
    ]
  },
  {
    "value": "1999",
    "synonyms": [
      "1999"
    ]
  },
  {
    "value": "2016",
    "synonyms": [
      "2016"
    ]
  },
  {
    "value": "2004",
    "synonyms": [
      "2004"
    ]
  },
  {
    "value": "2011",
    "synonyms": [
      "2011"
    ]
  }
]